idle_depol,Energy (hartree),Error ΔE (hartree),Error %
0.0,-1.822278329973419,0.03499670022895929,1.8843035985438228
0.0005,-1.831389721623286,0.025885308579092436,1.393725116536555
0.001,-1.8405011132731532,0.01677391692922514,0.9031466345292635
0.0015,-1.84961250492302,0.00766252527935829,0.4125681525219957
0.002,-1.8587238965728876,0.0014488663705092275,0.07801032948530792
0.0025,-1.8678352882227545,0.010560258020376079,0.5685888114925757
0.003,-1.8769466798726218,0.019671649670243374,1.0591672934998673
0.004,-1.895169463172356,0.03789443296997752,2.0403242575144267
0.005,-1.91339224647209,0.05611721626971167,3.021481221528986
